<?xml version="1.0" encoding="UTF-8"?>
<project-private xmlns="http://www.netbeans.org/ns/project-private/1">
    <editor-bookmarks xmlns="http://www.netbeans.org/ns/editor-bookmarks/2" lastBookmarkId="0"/>
    <open-files xmlns="http://www.netbeans.org/ns/projectui-open-files/2">
        <group>
            <file>file:/H:/ARCHIVOS%20REPARADOS/ARCHIVOS%20REPARADOS/ARCHIVOS%20REPARADOS/Drive/_/Drive/_/4%20ciclo/Programación%20Concurrente%20y%20Distribuida/semana%204/ClienteServidorTiempoParaTodos/src/Controlador/Contador1.java</file>
            <file>file:/H:/ARCHIVOS%20REPARADOS/ARCHIVOS%20REPARADOS/ARCHIVOS%20REPARADOS/Drive/_/Drive/_/4%20ciclo/Programación%20Concurrente%20y%20Distribuida/semana%204/ClienteServidorTiempoParaTodos/src/principal/ModoUnificado.java</file>
            <file>file:/H:/ARCHIVOS%20REPARADOS/ARCHIVOS%20REPARADOS/ARCHIVOS%20REPARADOS/Drive/_/Drive/_/4%20ciclo/Programación%20Concurrente%20y%20Distribuida/semana%204/ClienteServidorTiempoParaTodos/src/principal/Modos.java</file>
        </group>
    </open-files>
</project-private>
